GSC_URL,GSC_STATUS,CURRENT_URL,OLD_WWW_URL,IN_CURRENT_SITEMAP,HTTP_STATUS,CANONICAL,REDIRECT_TARGET,ACTION,NOTES
,,https://houstonluxuryremodeling.com/,https://www.houstonluxuryremodeling.com/,yes,200,https://houstonluxuryremodeling.com,none (apex URL serves 200 directly),"After the Azure default-domain fix: match against the GSC export; if GSC lists the www URL, confirm with URL Inspection that it reports 'Page with redirect' to CURRENT_URL. Otherwise leave it for Google to process.","In the pre-2026-09-20 sitemap (www origin, www canonical) — likely among the 11 URLs GSC knows. Live 2026-09-26: the www variant returns 200 (no redirect), and its canonical points to the apex URL."
,,https://houstonluxuryremodeling.com/luxury-remodeling-houston,https://www.houstonluxuryremodeling.com/luxury-remodeling-houston,yes,200,https://houstonluxuryremodeling.com/luxury-remodeling-houston,none (apex URL serves 200 directly),"After the Azure default-domain fix: match against the GSC export; if GSC lists the www URL, confirm with URL Inspection that it reports 'Page with redirect' to CURRENT_URL. Otherwise leave it for Google to process.","In the pre-2026-09-20 sitemap (www origin, www canonical) — likely among the 11 URLs GSC knows. Live 2026-09-26: the www variant returns 200 (no redirect), and its canonical points to the apex URL."
,,https://houstonluxuryremodeling.com/houston,https://www.houstonluxuryremodeling.com/houston,yes,200,https://houstonluxuryremodeling.com/houston,none (apex URL serves 200 directly),"After the Azure default-domain fix: match against the GSC export; if GSC lists the www URL, confirm with URL Inspection that it reports 'Page with redirect' to CURRENT_URL. Otherwise leave it for Google to process.","In the pre-2026-09-20 sitemap (www origin, www canonical) — likely among the 11 URLs GSC knows. Live 2026-09-26: the www variant returns 200 (no redirect), and its canonical points to the apex URL."
,,https://houstonluxuryremodeling.com/how-it-works,https://www.houstonluxuryremodeling.com/how-it-works,yes,200,https://houstonluxuryremodeling.com/how-it-works,none (apex URL serves 200 directly),"After the Azure default-domain fix: match against the GSC export; if GSC lists the www URL, confirm with URL Inspection that it reports 'Page with redirect' to CURRENT_URL. Otherwise leave it for Google to process.","In the pre-2026-09-20 sitemap (www origin, www canonical) — likely among the 11 URLs GSC knows. Live 2026-09-26: the www variant returns 200 (no redirect), and its canonical points to the apex URL."
,,https://houstonluxuryremodeling.com/consultation,https://www.houstonluxuryremodeling.com/consultation,yes,200,https://houstonluxuryremodeling.com/consultation,none (apex URL serves 200 directly),"After the Azure default-domain fix: match against the GSC export; if GSC lists the www URL, confirm with URL Inspection that it reports 'Page with redirect' to CURRENT_URL. Otherwise leave it for Google to process.","In the pre-2026-09-20 sitemap (www origin, www canonical) — likely among the 11 URLs GSC knows. Live 2026-09-26: the www variant returns 200 (no redirect), and its canonical points to the apex URL."
,,https://houstonluxuryremodeling.com/privacy,https://www.houstonluxuryremodeling.com/privacy,yes,200,https://houstonluxuryremodeling.com/privacy,none (apex URL serves 200 directly),"After the Azure default-domain fix: match against the GSC export; if GSC lists the www URL, confirm with URL Inspection that it reports 'Page with redirect' to CURRENT_URL. Otherwise leave it for Google to process.","In the pre-2026-09-20 sitemap (www origin, www canonical) — likely among the 11 URLs GSC knows. Live 2026-09-26: the www variant returns 200 (no redirect), and its canonical points to the apex URL."
,,https://houstonluxuryremodeling.com/terms,https://www.houstonluxuryremodeling.com/terms,yes,200,https://houstonluxuryremodeling.com/terms,none (apex URL serves 200 directly),"After the Azure default-domain fix: match against the GSC export; if GSC lists the www URL, confirm with URL Inspection that it reports 'Page with redirect' to CURRENT_URL. Otherwise leave it for Google to process.","In the pre-2026-09-20 sitemap (www origin, www canonical) — likely among the 11 URLs GSC knows. Live 2026-09-26: the www variant returns 200 (no redirect), and its canonical points to the apex URL."
,,https://houstonluxuryremodeling.com/contact,https://www.houstonluxuryremodeling.com/contact,yes,200,https://houstonluxuryremodeling.com/contact,none (apex URL serves 200 directly),"After the Azure default-domain fix: match against the GSC export; if GSC lists the www URL, confirm with URL Inspection that it reports 'Page with redirect' to CURRENT_URL. Otherwise leave it for Google to process.","In the pre-2026-09-20 sitemap (www origin, www canonical) — likely among the 11 URLs GSC knows. Live 2026-09-26: the www variant returns 200 (no redirect), and its canonical points to the apex URL."
,,https://houstonluxuryremodeling.com/matching-service-disclosure,https://www.houstonluxuryremodeling.com/matching-service-disclosure,yes,200,https://houstonluxuryremodeling.com/matching-service-disclosure,none (apex URL serves 200 directly),"After the Azure default-domain fix: match against the GSC export; if GSC lists the www URL, confirm with URL Inspection that it reports 'Page with redirect' to CURRENT_URL. Otherwise leave it for Google to process.","In the pre-2026-09-20 sitemap (www origin, www canonical) — likely among the 11 URLs GSC knows. Live 2026-09-26: the www variant returns 200 (no redirect), and its canonical points to the apex URL."
,,https://houstonluxuryremodeling.com/whole-home-remodeling-houston,https://www.houstonluxuryremodeling.com/whole-home-remodeling-houston,yes,200,https://houstonluxuryremodeling.com/whole-home-remodeling-houston,none (apex URL serves 200 directly),"After the Azure default-domain fix: match against the GSC export; if GSC lists the www URL, confirm with URL Inspection that it reports 'Page with redirect' to CURRENT_URL. Otherwise leave it for Google to process.","Added 2026-09-20 (content cluster); GSC probably has not discovered it yet. Live 2026-09-26: the www variant returns 200 (no redirect), and its canonical points to the apex URL."
,,https://houstonluxuryremodeling.com/luxury-kitchen-remodeling-houston,https://www.houstonluxuryremodeling.com/luxury-kitchen-remodeling-houston,yes,200,https://houstonluxuryremodeling.com/luxury-kitchen-remodeling-houston,none (apex URL serves 200 directly),"After the Azure default-domain fix: match against the GSC export; if GSC lists the www URL, confirm with URL Inspection that it reports 'Page with redirect' to CURRENT_URL. Otherwise leave it for Google to process.","Added 2026-09-20 (content cluster); GSC probably has not discovered it yet. Live 2026-09-26: the www variant returns 200 (no redirect), and its canonical points to the apex URL."
,,https://houstonluxuryremodeling.com/primary-suite-remodeling-houston,https://www.houstonluxuryremodeling.com/primary-suite-remodeling-houston,yes,200,https://houstonluxuryremodeling.com/primary-suite-remodeling-houston,none (apex URL serves 200 directly),"After the Azure default-domain fix: match against the GSC export; if GSC lists the www URL, confirm with URL Inspection that it reports 'Page with redirect' to CURRENT_URL. Otherwise leave it for Google to process.","Added 2026-09-20 (content cluster); GSC probably has not discovered it yet. Live 2026-09-26: the www variant returns 200 (no redirect), and its canonical points to the apex URL."
,,https://houstonluxuryremodeling.com/home-additions-houston,https://www.houstonluxuryremodeling.com/home-additions-houston,yes,200,https://houstonluxuryremodeling.com/home-additions-houston,none (apex URL serves 200 directly),"After the Azure default-domain fix: match against the GSC export; if GSC lists the www URL, confirm with URL Inspection that it reports 'Page with redirect' to CURRENT_URL. Otherwise leave it for Google to process.","Added 2026-09-20 (content cluster); GSC probably has not discovered it yet. Live 2026-09-26: the www variant returns 200 (no redirect), and its canonical points to the apex URL."
,,https://houstonluxuryremodeling.com/luxury-outdoor-living-houston,https://www.houstonluxuryremodeling.com/luxury-outdoor-living-houston,yes,200,https://houstonluxuryremodeling.com/luxury-outdoor-living-houston,none (apex URL serves 200 directly),"After the Azure default-domain fix: match against the GSC export; if GSC lists the www URL, confirm with URL Inspection that it reports 'Page with redirect' to CURRENT_URL. Otherwise leave it for Google to process.","Added 2026-09-20 (content cluster); GSC probably has not discovered it yet. Live 2026-09-26: the www variant returns 200 (no redirect), and its canonical points to the apex URL."
,,https://houstonluxuryremodeling.com/luxury-bathroom-remodeling-houston,https://www.houstonluxuryremodeling.com/luxury-bathroom-remodeling-houston,yes,200,https://houstonluxuryremodeling.com/luxury-bathroom-remodeling-houston,none (apex URL serves 200 directly),"After the Azure default-domain fix: match against the GSC export; if GSC lists the www URL, confirm with URL Inspection that it reports 'Page with redirect' to CURRENT_URL. Otherwise leave it for Google to process.","Added 2026-09-20 (content cluster); GSC probably has not discovered it yet. Live 2026-09-26: the www variant returns 200 (no redirect), and its canonical points to the apex URL."
,,https://houstonluxuryremodeling.com/river-oaks-remodeling,https://www.houstonluxuryremodeling.com/river-oaks-remodeling,yes,200,https://houstonluxuryremodeling.com/river-oaks-remodeling,none (apex URL serves 200 directly),"After the Azure default-domain fix: match against the GSC export; if GSC lists the www URL, confirm with URL Inspection that it reports 'Page with redirect' to CURRENT_URL. Otherwise leave it for Google to process.","Added 2026-09-20 (content cluster); GSC probably has not discovered it yet. Live 2026-09-26: the www variant returns 200 (no redirect), and its canonical points to the apex URL."
,,https://houstonluxuryremodeling.com/memorial-remodeling,https://www.houstonluxuryremodeling.com/memorial-remodeling,yes,200,https://houstonluxuryremodeling.com/memorial-remodeling,none (apex URL serves 200 directly),"After the Azure default-domain fix: match against the GSC export; if GSC lists the www URL, confirm with URL Inspection that it reports 'Page with redirect' to CURRENT_URL. Otherwise leave it for Google to process.","Added 2026-09-20 (content cluster); GSC probably has not discovered it yet. Live 2026-09-26: the www variant returns 200 (no redirect), and its canonical points to the apex URL."
,,https://houstonluxuryremodeling.com/tanglewood-remodeling,https://www.houstonluxuryremodeling.com/tanglewood-remodeling,yes,200,https://houstonluxuryremodeling.com/tanglewood-remodeling,none (apex URL serves 200 directly),"After the Azure default-domain fix: match against the GSC export; if GSC lists the www URL, confirm with URL Inspection that it reports 'Page with redirect' to CURRENT_URL. Otherwise leave it for Google to process.","Added 2026-09-20 (content cluster); GSC probably has not discovered it yet. Live 2026-09-26: the www variant returns 200 (no redirect), and its canonical points to the apex URL."
,,https://houstonluxuryremodeling.com/west-university-remodeling,https://www.houstonluxuryremodeling.com/west-university-remodeling,yes,200,https://houstonluxuryremodeling.com/west-university-remodeling,none (apex URL serves 200 directly),"After the Azure default-domain fix: match against the GSC export; if GSC lists the www URL, confirm with URL Inspection that it reports 'Page with redirect' to CURRENT_URL. Otherwise leave it for Google to process.","Added 2026-09-20 (content cluster); GSC probably has not discovered it yet. Live 2026-09-26: the www variant returns 200 (no redirect), and its canonical points to the apex URL."
,,https://houstonluxuryremodeling.com/afton-oaks-remodeling,https://www.houstonluxuryremodeling.com/afton-oaks-remodeling,yes,200,https://houstonluxuryremodeling.com/afton-oaks-remodeling,none (apex URL serves 200 directly),"After the Azure default-domain fix: match against the GSC export; if GSC lists the www URL, confirm with URL Inspection that it reports 'Page with redirect' to CURRENT_URL. Otherwise leave it for Google to process.","Added 2026-09-20 (content cluster); GSC probably has not discovered it yet. Live 2026-09-26: the www variant returns 200 (no redirect), and its canonical points to the apex URL."
,,https://houstonluxuryremodeling.com/guides,https://www.houstonluxuryremodeling.com/guides,yes,200,https://houstonluxuryremodeling.com/guides,none (apex URL serves 200 directly),"After the Azure default-domain fix: match against the GSC export; if GSC lists the www URL, confirm with URL Inspection that it reports 'Page with redirect' to CURRENT_URL. Otherwise leave it for Google to process.","Added 2026-09-20 (content cluster); GSC probably has not discovered it yet. Live 2026-09-26: the www variant returns 200 (no redirect), and its canonical points to the apex URL."
,,https://houstonluxuryremodeling.com/guides/home-remodeling-cost-houston,https://www.houstonluxuryremodeling.com/guides/home-remodeling-cost-houston,yes,200,https://houstonluxuryremodeling.com/guides/home-remodeling-cost-houston,none (apex URL serves 200 directly),"After the Azure default-domain fix: match against the GSC export; if GSC lists the www URL, confirm with URL Inspection that it reports 'Page with redirect' to CURRENT_URL. Otherwise leave it for Google to process.","Added 2026-09-20 (content cluster); GSC probably has not discovered it yet. Live 2026-09-26: the www variant returns 200 (no redirect), and its canonical points to the apex URL."
,,https://houstonluxuryremodeling.com/guides/whole-home-remodel-cost-houston,https://www.houstonluxuryremodeling.com/guides/whole-home-remodel-cost-houston,yes,200,https://houstonluxuryremodeling.com/guides/whole-home-remodel-cost-houston,none (apex URL serves 200 directly),"After the Azure default-domain fix: match against the GSC export; if GSC lists the www URL, confirm with URL Inspection that it reports 'Page with redirect' to CURRENT_URL. Otherwise leave it for Google to process.","Added 2026-09-20 (content cluster); GSC probably has not discovered it yet. Live 2026-09-26: the www variant returns 200 (no redirect), and its canonical points to the apex URL."
,,https://houstonluxuryremodeling.com/guides/kitchen-remodel-cost-houston,https://www.houstonluxuryremodeling.com/guides/kitchen-remodel-cost-houston,yes,200,https://houstonluxuryremodeling.com/guides/kitchen-remodel-cost-houston,none (apex URL serves 200 directly),"After the Azure default-domain fix: match against the GSC export; if GSC lists the www URL, confirm with URL Inspection that it reports 'Page with redirect' to CURRENT_URL. Otherwise leave it for Google to process.","Added 2026-09-20 (content cluster); GSC probably has not discovered it yet. Live 2026-09-26: the www variant returns 200 (no redirect), and its canonical points to the apex URL."
,,https://houstonluxuryremodeling.com/guides/bathroom-remodel-cost-houston,https://www.houstonluxuryremodeling.com/guides/bathroom-remodel-cost-houston,yes,200,https://houstonluxuryremodeling.com/guides/bathroom-remodel-cost-houston,none (apex URL serves 200 directly),"After the Azure default-domain fix: match against the GSC export; if GSC lists the www URL, confirm with URL Inspection that it reports 'Page with redirect' to CURRENT_URL. Otherwise leave it for Google to process.","Added 2026-09-20 (content cluster); GSC probably has not discovered it yet. Live 2026-09-26: the www variant returns 200 (no redirect), and its canonical points to the apex URL."
,,https://houstonluxuryremodeling.com/guides/how-to-choose-remodeling-contractor-houston,https://www.houstonluxuryremodeling.com/guides/how-to-choose-remodeling-contractor-houston,yes,200,https://houstonluxuryremodeling.com/guides/how-to-choose-remodeling-contractor-houston,none (apex URL serves 200 directly),"After the Azure default-domain fix: match against the GSC export; if GSC lists the www URL, confirm with URL Inspection that it reports 'Page with redirect' to CURRENT_URL. Otherwise leave it for Google to process.","Added 2026-09-20 (content cluster); GSC probably has not discovered it yet. Live 2026-09-26: the www variant returns 200 (no redirect), and its canonical points to the apex URL."
,,https://houstonluxuryremodeling.com/guides/remodel-or-rebuild-houston,https://www.houstonluxuryremodeling.com/guides/remodel-or-rebuild-houston,yes,200,https://houstonluxuryremodeling.com/guides/remodel-or-rebuild-houston,none (apex URL serves 200 directly),"After the Azure default-domain fix: match against the GSC export; if GSC lists the www URL, confirm with URL Inspection that it reports 'Page with redirect' to CURRENT_URL. Otherwise leave it for Google to process.","Added 2026-09-20 (content cluster); GSC probably has not discovered it yet. Live 2026-09-26: the www variant returns 200 (no redirect), and its canonical points to the apex URL."
